{"poem.10001": {"metadata": {"author": {"name": "Wither,George", "birth": "1588", "death": "1667"}, "title": ["THE FIRST LOTTERIE ."], "genre": "N.A.", "period": "N.A.", "pub_year": null, "urn": "N.A.", "language": "N.A.", "translator": "N.A.", "booktitle": "A Collection of Emblemes, Ancient and Moderne\tQuickened With Metrical Illustrations, both Morall and Divine, Etc", "publisher": "N.A.", "editor": "N.A.", "address": "N.A.", "printrun": "N.A.", "pages": "N.A."}, "text": null, "poem": {"stanza.1": {"line.1": {"text": "Thou , dost overmuch respect", "syllables": ["Thou", ",", "dost", "o\u00b7ver\u00b7much", "re\u00b7spect"], "meter": "+-+-+-+", "measure": "troch.tetra"}, "line.2": {"text": "That , which will thy harme effect ;", "syllables": ["That", ",", "which", "will", "thy", "harme", "ef\u00b7fect", ";"], "meter": "-+---+-", "measure": "daktyl.init"}, "line.3": {"text": "But , some other things there bee ,", "syllables": ["But", ",", "some", "oth\u00b7er", "things", "there", "bee", ","], "meter": "--+-+-+", "measure": "anapaest.init"}, "line.4": {"text": "Which will more advantage thee :", "syllables": ["Which", "will", "more", "ad\u00b7van\u00b7tage", "thee", ":"], "meter": "+-+-+-+", "measure": "troch.tetra"}, "line.5": {"text": "Search thy heart ; and , thou shalt , there ,", "syllables": ["Search", "thy", "heart", ";", "and", ",", "thou", "shalt", ",", "there", ","], "meter": "+-+-+-+", "measure": "troch.tetra"}, "line.6": {"text": "Soone discover , what they are :", "syllables": ["Soone", "dis\u00b7cov\u00b7er", ",", "what", "they", "are", ":"], "meter": "+-+-+-+", "measure": "troch.tetra"}, "line.7": {"text": "Yea , thine Emblem showes thee , too ,", "syllables": ["Yea", ",", "thine", "Em\u00b7blem", "showes", "thee", ",", "too", ","], "meter": "-+-+--+", "measure": "iambic.chol.relaxed"}, "line.8": {"text": "What to shunne ; and , what to doe .", "syllables": ["What", "to", "shunne", ";", "and", ",", "what", "to", "doe", "."], "meter": "+-+-+-+", "measure": "troch.tetra"}}, "stanza.2": {"line.1": {"text": "See , Emblem I .", "syllables": ["See", ",", "Em\u00b7blem", "I", "."], "meter": "-+-+", "measure": "iambic.di"}}, "stanza.3": {"line.1": {"text": "It is a little fear \u2019 d , that you", "syllables": ["It", "is", "a", "lit\u00b7tle", "fear", "'d", ",", "that", "you"], "meter": "-+-+-+-+", "measure": "iambic.tetra"}, "line.2": {"text": "Are to your owne Designes , untrue ;", "syllables": ["Are", "to", "your", "owne", "De\u00b7signes", ",", "un\u00b7true", ";"], "meter": "-+-+-+-+", "measure": "iambic.tetra"}, "line.3": {"text": "And , that , if you more constant were ,", "syllables": ["And", ",", "that", ",", "if", "you", "more", "con\u00b7stant", "were", ","], "meter": "-+-+-+-+", "measure": "iambic.tetra"}, "line.4": {"text": "You would be richer , then you are ,", "syllables": ["You", "would", "be", "rich\u00b7er", ",", "then", "you", "are", ","], "meter": "+--+--+-", "measure": "daktyl.tri"}, "line.5": {"text": "( It may be , also , wiser , too )", "syllables": ["(", "It", "may", "be", ",", "al\u00b7so", ",", "wis\u00b7er", ",", "too", ")"], "meter": "-+-+-+-+", "measure": "iambic.tetra"}, "line.6": {"text": "Looke , therefore , what you are to doe :", "syllables": ["Looke", ",", "there\u00b7fore", ",", "what", "you", "are", "to", "doe", ":"], "meter": "-+-+-+-+", "measure": "iambic.tetra"}, "line.7": {"text": "Then , follow it , and , you will say ,", "syllables": ["Then", ",", "fol\u00b7low", "it", ",", "and", ",", "you", "will", "say", ","], "meter": "-+-+-+-+", "measure": "iambic.tetra"}, "line.8": {"text": "That , well advis \u2019 d , you were , to day .", "syllables": ["That", ",", "well", "ad\u00b7vis", "'d", ",", "you", "were", ",", "to", "day", "."], "meter": "-+-+-+-+", "measure": "iambic.tetra"}}, "stanza.4": {"line.1": {"text": "See , Emb . II .", "syllables": ["See", ",", "Emb", ".", "II", "."], "meter": "+-+", "measure": "troch.di"}}, "stanza.5": {"line.1": {"text": "How rich or poore soe \u2019 re thou be ,", "syllables": ["How", "rich", "or", "poore", "soe", "'re", "thou", "be", ","], "meter": "-+--+-+", "measure": "iambic.relaxed.syll"}, "line.2": {"text": "Thou , art a Prince , in some degree ;", "syllables": ["Thou", ",", "art", "a", "Prince", ",", "in", "some", "de\u00b7gree", ";"], "meter": "-+-+-+-+", "measure": "iambic.tetra"}, "line.3": {"text": "And , o \u2019 re thy selfe , thou shouldst command ,", "syllables": ["And", ",", "o", "'re", "thy", "selfe", ",", "thou", "shouldst", "com\u00b7mand", ","], "meter": "-+-+-+-+", "measure": "iambic.tetra"}, "line.4": {"text": "As doth a Monarch , in his Land .", "syllables": ["As", "doth", "a", "Mon\u00b7arch", ",", "in", "his", "Land", "."], "meter": "-+-+-+-+", "measure": "iambic.tetra"}, "line.5": {"text": "Within thy Heart , therefore , ingrave", "syllables": ["With\u00b7in", "thy", "Heart", ",", "there\u00b7fore", ",", "in\u00b7grave"], "meter": "-+-+-+-+", "measure": "iambic.tetra"}, "line.6": {"text": "The Lawes , that Grace and Nature gave :", "syllables": ["The", "Lawes", ",", "that", "Grace", "and", "Na\u00b7ture", "gave", ":"], "meter": "-+-+-+-+", "measure": "iambic.tetra"}, "line.7": {"text": "For , thus ( to counsell thee ) inclines", "syllables": ["For", ",", "thus", "(", "to", "coun\u00b7sell", "thee", ")", "in\u00b7clines"], "meter": "-+-+-+-+", "measure": "iambic.tetra"}, "line.8": {"text": "That Emblem , which , thy Lot assignes .", "syllables": ["That", "Em\u00b7blem", ",", "which", ",", "thy", "Lot", "as\u00b7signes", "."], "meter": "-+-+-+-+", "measure": "iambic.tetra"}}, "stanza.6": {"line.1": {"text": "See , Emb . III .", "syllables": ["See", ",", "Emb", ".", "III", "."], "meter": "++-", "measure": "other"}}, "stanza.7": {"line.1": {"text": "Much Liberty , thou hast assum \u2019 d ;", "syllables": ["Much", "Lib\u00b7er\u00b7ty", ",", "thou", "hast", "as\u00b7sum", "'d", ";"], "meter": "-+-+-+-+", "measure": "iambic.tetra"}, "line.2": {"text": "And , heretofore , so much presum \u2019 d", "syllables": ["And", ",", "here\u00b7to\u00b7fore", ",", "so", "much", "pre\u00b7sum", "'d"], "meter": "-+-+-+-+", "measure": "iambic.tetra"}, "line.3": {"text": "On Time , which , alway rideth poast ,", "syllables": ["On", "Time", ",", "which", ",", "al\u00b7way", "ri\u00b7deth", "poast", ","], "meter": "-+--+--+", "measure": "prosodiakos"}, "line.4": {"text": "That , for awhile , some Hopes are crost .", "syllables": ["That", ",", "for", "a\u00b7while", ",", "some", "Hopes", "are", "crost", "."], "meter": "-+-+-+-+", "measure": "iambic.tetra"}, "line.5": {"text": "But , loe , to keepe thee from Despaire ,", "syllables": ["But", ",", "loe", ",", "to", "keepe", "thee", "from", "De\u00b7spaire", ","], "meter": "-+-+-+-+", "measure": "iambic.tetra"}, "line.6": {"text": "And , thy Misfortune , to repaire ,", "syllables": ["And", ",", "thy", "Mis\u00b7for\u00b7tune", ",", "to", "re\u00b7paire", ","], "meter": "--+--+-+", "measure": "anapaest.di.plus"}, "line.7": {"text": "Marke , what to thee , by Lot , befell ,", "syllables": ["Marke", ",", "what", "to", "thee", ",", "by", "Lot", ",", "be\u00b7fell", ","], "meter": "-+-+-+-+", "measure": "iambic.tetra"}, "line.8": {"text": "And , practise , what is counsell \u2019 d , well .", "syllables": ["And", ",", "prac\u00b7tise", ",", "what", "is", "coun\u00b7sell", "'d", ",", "well", "."], "meter": "-+-+-+-+", "measure": "iambic.tetra"}}, "stanza.8": {"line.1": {"text": "See , Emb . IV .", "syllables": ["See", ",", "Emb", ".", "IV", "."], "meter": "+-+", "measure": "troch.di"}}, "stanza.9": {"line.1": {"text": "Thou seekest Honour , to obtaine ,", "syllables": ["Thou", "seek\u00b7est", "Ho\u00b7nour", ",", "to", "ob\u00b7taine", ","], "meter": "-+-+-+-+", "measure": "iambic.tetra"}, "line.2": {"text": "By meanes , which frustrate all thy paine .", "syllables": ["By", "meanes", ",", "which", "frus\u00b7trate", "all", "thy", "paine", "."], "meter": "-+-+-+-+", "measure": "iambic.tetra"}, "line.3": {"text": "Thy Predecessors rich were made ,", "syllables": ["Thy", "Pre\u00b7de\u00b7ces\u00b7sors", "rich", "were", "made", ","], "meter": "-+-+-+-+", "measure": "iambic.tetra"}, "line.4": {"text": "By using of the Plough and Spade :", "syllables": ["By", "us\u00b7ing", "of", "the", "Plough", "and", "Spade", ":"], "meter": "-+-+-+-+", "measure": "iambic.tetra"}, "line.5": {"text": "Thou , honourable wouldst be thought ,", "syllables": ["Thou", ",", "hon\u00b7our\u00b7a\u00b7ble", "wouldst", "be", "thought", ","], "meter": "-+-+-+-+", "measure": "iambic.tetra"}, "line.6": {"text": "By taking Courses , that are naught ;", "syllables": ["By", "tak\u00b7ing", "Cours\u00b7es", ",", "that", "are", "naught", ";"], "meter": "-+-+-+-+", "measure": "iambic.tetra"}, "line.7": {"text": "But , if , right noble , thou wilt be ,", "syllables": ["But", ",", "if", ",", "right", "no\u00b7ble", ",", "thou", "wilt", "be", ","], "meter": "-+-+-+-+", "measure": "iambic.tetra"}, "line.8": {"text": "Looke , what thine Emblem counsells thee .", "syllables": ["Looke", ",", "what", "thine", "Em\u00b7blem", "coun\u00b7sells", "thee", "."], "meter": "+--+-+-+", "measure": "iambic.tetra.invert"}}, "stanza.10": {"line.1": {"text": "See , Emb . V .", "syllables": ["See", ",", "Emb", ".", "V", "."], "meter": "+-+", "measure": "troch.di"}}}}}